category,product_code,product_name,language,docx_path,updated_at,notes
Cellular,GT,GT Cellular Communicator,en,/Volumes/TRIKDIS/PRODUKTAI/GT/_EN/GT UM_ENG_2025 09 11.docx,2025-10-30,
Mobilaus ryšio,GT,GT GSM komunikatorius,lt,/Volumes/TRIKDIS/PRODUKTAI/GT/_LT/GT_UM_LT_2025 09 11.docx,2025-10-30,
Celular,GT,GT Comunicador,es,/Volumes/TRIKDIS/PRODUKTAI/GT/_ESP/GT UM_ESP_2025 09 11.docx,2025-10-30,
GSM/GPRS,GT,GSM коммуникатор GT,ru,/Volumes/TRIKDIS/PRODUKTAI/GT/_RU/GT UM_RU_2025 09 11.docx,2025-10-30,
Cellular,GT_PLUS,GT+ Cellular Communicator,en,/Volumes/TRIKDIS/PRODUKTAI/GT+/_EN/GT+ UM_ENG_2025 09 11.docx,2025-10-30,
Mobilaus ryšio,GT_PLUS,GT+ GSM komunikatorius,lt,/Volumes/TRIKDIS/PRODUKTAI/GT+/_LT/GT+_UM_LT_2025 09 11.docx,2025-10-30,
Celular,GT_PLUS,GT+ Comunicador,es,/Volumes/TRIKDIS/PRODUKTAI/GT+/_ESP/GT+ UM_ESP_2025 09 11.docx,2025-10-30,
GSM/GPRS,GT_PLUS,GSM коммуникатор GT+,ru,/Volumes/TRIKDIS/PRODUKTAI/GT+/_RU/GT+ UM_RU_2025 09 11.docx,2025-10-30,
Dual-path,GET,GET Cellular Communicator,en,/Volumes/TRIKDIS/PRODUKTAI/GET/_EN/GET UM_ENG_2025 09 03.docx,2025-10-30,
Dvigubas Kanalas,GET,GSM/Ethernet komunikatorius GET,lt,/Volumes/TRIKDIS/PRODUKTAI/GET/_LT/GET_UM_LT_2024 07 29.docx,2025-10-30,
Comunicación de Doble Vía,GET,Comunicador GET,es,/Volumes/TRIKDIS/PRODUKTAI/GET/_ESP/GET UM_ESP_2024 07 30.docx,2025-10-30,
Двойной Коммуникатор,GET,коммуникатор GET,ru,/Volumes/TRIKDIS/PRODUKTAI/GET/_RU/GET UM_RU_2024 07 29.docx,2025-10-30,
For Fire Panels,FIRECOM,Communicator FireCom,en,/Volumes/TRIKDIS/PRODUKTAI/FIRECOM/_ENG/FIRECOM_UM_ENG_2025 04 03.docx,2025-10-30,
Priešgaisrinėms centralėms,FIRECOM,Priešgaisrinės centralės komunikatorius FIRECOM,lt,/Volumes/TRIKDIS/PRODUKTAI/FIRECOM/_LT/FIRECOM_UM_LT 2025 04 03.docx,2025-10-30,
Celular para Incendio,FIRECOM,Comunicador FireCom,es,/Volumes/TRIKDIS/PRODUKTAI/FIRECOM/_ESP/FIRECOM_UM_ESP_2025 04 03.docx,2025-10-30,
Для противопожарной охранной панели,FIRECOM,Коммуникатор FireCom,ru,/Volumes/TRIKDIS/PRODUKTAI/FIRECOM/_RU/FIRECOM_UM_RU 2025 04 03.docx,2025-10-30,
Ethernet,E16,Ethernet communicator E16,en,/Volumes/TRIKDIS/PRODUKTAI/E16/_EN/E16_UM_ENG_2024 07 05.docx,2025-10-30,
Ethernet,E16,Ethernet komunikatorius E16,lt,/Volumes/TRIKDIS/PRODUKTAI/E16/_LT/E16_UM_LT_2024 07 05.docx,2025-10-30,
Ethernet,E16,Comunicador Ethernet E16,es,/Volumes/TRIKDIS/PRODUKTAI/E16/_ES/E16_UM_ESP_2024 07 05.docx,2025-10-30,
Ethernet,E16,Ethernet коммуникатор E16,ru,/Volumes/TRIKDIS/PRODUKTAI/E16/_RU/E16_UM_RU_2024 07 05.docx,2025-10-30,
Ethernet,E16T,Ethernet communicator E16T,en,/Volumes/TRIKDIS/PRODUKTAI/E16T/_ENG/E16T_UM_ENG 2021 05 24.docx,2025-10-30,older manual; confirm if newer revision exists
Ethernet,E16T,Ethernet komunikatorius E16T,lt,/Volumes/TRIKDIS/PRODUKTAI/E16T/_LT/E16T_UM_LT_2021 05 24.docx,2025-10-30,older manual; confirm if newer revision exists
Ethernet,E16T,Comunicador Ethernet E16T,es,/Volumes/TRIKDIS/PRODUKTAI/E16T/_ES/E16T_UM_ESP_2021 05 25.docx,2025-10-30,older manual; confirm if newer revision exists
Ethernet,E16T,Ethernet модуль E16T,ru,/Volumes/TRIKDIS/PRODUKTAI/E16T/_RU/E16T_UM_RU_2021 05 24.docx,2025-10-30,older manual; confirm if newer revision exists
Cellular,G16,Cellular communicator G16,en,/Volumes/TRIKDIS/PRODUKTAI/G16_serija/G16/_ENG/G16_UM_ENG_2021 04 28.docx,2025-10-30,needs review; last update 2021-04-28
Mobilaus ryšio,G16,GSM komunikatorius G16,lt,/Volumes/TRIKDIS/PRODUKTAI/G16_serija/G16/_LT/G16_UM_LT_2021 04 28.docx,2025-10-30,needs review; last update 2021-04-28
Celular,G16,Comunicador celular G16,es,/Volumes/TRIKDIS/PRODUKTAI/G16_serija/G16/_ES/G16_UM_ESP_2021 04 28.docx,2025-10-30,needs review; last update 2021-04-28
GSM/GPRS,G16,GSM коммуникатор G16,ru,/Volumes/TRIKDIS/PRODUKTAI/G16_serija/G16/_RU/G16_UM_RU_2021 04 28.docx,2025-10-30,needs review; last update 2021-04-28
Cellular,G16T,Cellular communicator G16T,en,/Volumes/TRIKDIS/PRODUKTAI/G16_serija/G16T3/EN/G16T3_UM_EN 2021 06 11.docx,2025-10-30,Latest full G16T3 manual
Mobilaus ryšio,G16T,GSM komunikatorius G16T,lt,/Volumes/TRIKDIS/PRODUKTAI/G16_serija/G16T3/LT/G16T3_UM_LT 2021 06 11.docx,2025-10-30,Latest full G16T3 manual
Celular,G16T,Comunicador celular G16T,es,/Volumes/TRIKDIS/PRODUKTAI/G16_serija/G16T3/ES/G16T3_UM_ESP 2021 06 11.docx,2025-10-30,Latest full G16T3 manual
GSM/GPRS,G16T,GSM коммуникатор G16T,ru,/Volumes/TRIKDIS/PRODUKTAI/G16_serija/G16T3/RU/G16T3_UM_RU 2021 06 11.docx,2025-10-30,Latest full G16T3 manual
For Fire Panels,G17F,Cellular communicator G17F,en,/Volumes/TRIKDIS/PRODUKTAI/G17F/_ENG/G17F_UM_ENG_2025 10 07.docx,2025-10-30,
Priešgaisrinėms centralėms,G17F,Priešgaisrinės centralės GSM komunikatorius G17F,lt,/Volumes/TRIKDIS/PRODUKTAI/G17F/_LT/G17F_UM_LT 2025 10 07.docx,2025-10-30,
Celular para Incendio,G17F,Comunicador Celular G17F,es,/Volumes/TRIKDIS/PRODUKTAI/G17F/_ES/G17F_UM_ESP_2025 10 07.docx,2025-10-30,
Для противопожарной охранной панели,G17F,GSM коммуникатор G17F,ru,/Volumes/TRIKDIS/PRODUKTAI/G17F/_RU/G17F_UM_RU 2025 10 07.docx,2025-10-30,
Radio,T16,Transmitter T16,en,/Volumes/TRIKDIS/PRODUKTAI/T16/_ENG/T16 UM ENG_2023 03 29.docx,2025-10-30,
UHF radijo bangomis,T16,Siųstuvas T16,lt,/Volumes/TRIKDIS/PRODUKTAI/T16/_LT/T16 UM LT 2023 03 29.docx,2025-10-30,
Banda de radio UHF,T16,Transmisor T16,es,/Volumes/TRIKDIS/PRODUKTAI/T16/_ESP/T16_UM_ESP_2023 03 29.docx,2025-10-30,
UHF модули,T16,Радиопередатчик Т16,ru,/Volumes/TRIKDIS/PRODUKTAI/T16/_RU/T16 UM RU 2023 03 29.docx,2025-10-30,
Cellular control panels,SP3,Security control panel FLEXi SP3,en,/Volumes/TRIKDIS/PRODUKTAI/SP3/_ENG/SP3_TAIM_EN_2025 09 12.docx,2025-10-30,
Apsaugos centrelės,SP3,Apsaugos centralė “FLEXi” SP3,lt,/Volumes/TRIKDIS/PRODUKTAI/SP3/_LT/SP3_TAIM_LT_2025 09 12+.docx,2025-10-30,
Paneles de control celular,SP3,Panel de control FLEXi SP3,es,/Volumes/TRIKDIS/PRODUKTAI/SP3/_ESP/SP3_TAIM_ESP_2025 09 12.docx,2025-10-30,
GPRS/GSM охранные панели,SP3,Охранная панель FLEXi SP3,ru,/Volumes/TRIKDIS/PRODUKTAI/SP3/_RU/SP3_TAIM_RU_2025 09 12.docx,2025-10-30,
Cellular control panels,CG17,Cellular security control panel CG17,en,/Volumes/TRIKDIS/PRODUKTAI/CG17/_ENG/CG17_UM_ENG 2024 11 29.docx,2025-10-30,
Apsaugos centrelės,CG17,GSM apsaugos centralė CG17,lt,/Volumes/TRIKDIS/PRODUKTAI/CG17/_LT/CG17_UM_LT_2024 11 29.docx,2025-10-30,
Paneles de control celular,CG17,Celular panel de control CG17,es,/Volumes/TRIKDIS/PRODUKTAI/CG17/_ES/CG17_UM_ESP 2024 11 29.docx,2025-10-30,
GPRS/GSM охранные панели,CG17,GSM oхранная панель CG17,ru,/Volumes/TRIKDIS/PRODUKTAI/CG17/_RU/CG17_UM_RU_2024 11 29.docx,2025-10-30,
Controllers,GATOR_CELL,GATOR Cellular Gate Controller,en,/Volumes/TRIKDIS/PRODUKTAI/Gator/_ENG/GATOR_UM_ENG_2025 10 16.docx,2025-10-30,
Valdikliai,GATOR_CELL,Gator,lt,/Volumes/TRIKDIS/PRODUKTAI/Gator/_LT/Gator_UM_LT_2025 10 16.docx,2025-10-30,
Controladores,GATOR_CELL,Gator,es,/Volumes/TRIKDIS/PRODUKTAI/Gator/_ESP/GATOR_UM_ESP 2025 10 16.docx,2025-10-30,
Контроллеры,GATOR_CELL,Контроллер управления воротами GATOR,ru,/Volumes/TRIKDIS/PRODUKTAI/Gator/_RU/Gator_UM_RU_2025 10 16.docx,2025-10-30,
Controllers,GATOR_WIFI,GATOR WiFi Gate Controller,en,/Volumes/TRIKDIS/PRODUKTAI/Gator WiFi/_ENG/Gator WiFi_UM_ENG_2025 03 25.docx,2025-10-30,
Valdikliai,GATOR_WIFI,Gator Wifi,lt,/Volumes/TRIKDIS/PRODUKTAI/Gator WiFi/_LT/Gator WiFI_UM_LT_2025 03 25.docx,2025-10-30,
Controladores,GATOR_WIFI,Gator Wifi,es,/Volumes/TRIKDIS/PRODUKTAI/Gator WiFi/_ESP/Gator WiFi_UM_ESP_2025 03 25.docx,2025-10-30,
Контроллеры,GATOR_WIFI,Wi-Fi контроллер GATOR,ru,/Volumes/TRIKDIS/PRODUKTAI/Gator WiFi/_RU/Gator WiFi_UM_RU_2025 03 25.docx,2025-10-30,
Keypads,SK_LCD_BUTTON,Keypad SK-LCD Button,en,/Volumes/TRIKDIS/PRODUKTAI/SK LCD Button/_ENG/SK-LCD button_UM_ENG 2025 01 29.docx,2025-11-06,Latest revision 2025-01-29
Klaviatūros,SK_LCD_BUTTON,SK-LCD mygtukinė klaviatūra,lt,/Volumes/TRIKDIS/PRODUKTAI/SK LCD Button/_LT/SK-LCD button_UM_LT 2025 01 29.docx,2025-11-06,Naujausia versija 2025-01-29
Teclados,SK_LCD_BUTTON,Teclado SK-LCD Button,es,/Volumes/TRIKDIS/PRODUKTAI/SK LCD Button/_ESP/SK-LCD button_UM_ESP 2025 01 29.docx,2025-11-06,Última revisión 2025-01-29
Клавиатуры,SK_LCD_BUTTON,Клавиатура SK-LCD Button,ru,/Volumes/TRIKDIS/PRODUKTAI/SK LCD Button/_RU/SK-LCD button_UM_RU 2025 01 29.docx,2025-11-06,Актуальная версия 2025-01-29
Keypads,SK_LED_BUTTON,Keypad SK-LED Button,en,/Volumes/TRIKDIS/PRODUKTAI/SK LED Button/_ENG/SK-LED button_UM_ENG 2024 07 08.docx,2025-11-06,Latest revision 2024-07-08
Klaviatūros,SK_LED_BUTTON,SK-LED Button klaviatūra,lt,/Volumes/TRIKDIS/PRODUKTAI/SK LED Button/_LT/SK-LED button_UM_LT 2024 07 08.docx,2025-11-06,Naujausia versija 2024-07-08
Teclados,SK_LED_BUTTON,Teclado SK-LED Button,es,/Volumes/TRIKDIS/PRODUKTAI/SK LED Button/_ESP/SK-LED button_UM_ESP 2024 07 09.docx,2025-11-06,Última revisión 2024-07-09
Клавиатуры,SK_LED_BUTTON,Клавиатура SK-LED Button,ru,/Volumes/TRIKDIS/PRODUKTAI/SK LED Button/_RU/SK-LED button_UM_RU 2024 07 08.docx,2025-11-06,Актуальная версия 2024-07-08
Keypads,FLEXI_SK_LCD,Keypad FLEXi SK LCD,en,/Volumes/TRIKDIS/PRODUKTAI/SK-LCD TouchPad/_EN/SK-LCD TouchPad_UM_ENG 2024 11 19.docx,2025-11-06,Latest revision 2024-11-19
Klaviatūros,FLEXI_SK_LCD,Klaviatūra FLEXi SK LCD,lt,/Volumes/TRIKDIS/PRODUKTAI/SK-LCD TouchPad/_LT/SK-LCD TouchPad_UM_LT 2024 11 19.docx,2025-11-06,Naujausia versija 2024-11-19
Teclados,FLEXI_SK_LCD,Teclado FLEXi SK LCD,es,/Volumes/TRIKDIS/PRODUKTAI/SK-LCD TouchPad/_ESP/SK-LCD TouchPad_UM_ESP 2024 11 19.docx,2025-11-06,Última revisión 2024-11-19
Клавиатуры,FLEXI_SK_LCD,Клавиатура FLEXi SK LCD,ru,/Volumes/TRIKDIS/PRODUKTAI/SK-LCD TouchPad/_RU/SK-LCD TouchPad_UM_RU 2024 11 19.docx,2025-11-06,Актуальная версия 2024-11-19
Keypads,FLEXI_SK_LED,Keypad FLEXi SK LED,en,/Volumes/TRIKDIS/PRODUKTAI/SK-LED TouchPad/_ENG/SK-LED TouchPad_UM_ENG 2024 05 24.docx,2025-11-06,Latest revision 2024-05-24
Klaviatūros,FLEXI_SK_LED,Klaviatūra FLEXi SK LED,lt,/Volumes/TRIKDIS/PRODUKTAI/SK-LED TouchPad/_LT/SK-LED TouchPad_UM_LT 2024 05 24.docx,2025-11-06,Naujausia versija 2024-05-24
Teclados,FLEXI_SK_LED,Teclado FLEXi SK LED,es,/Volumes/TRIKDIS/PRODUKTAI/SK-LED TouchPad/_ES/SK-LED TouchPad_UM_ESP 2024 05 24.docx,2025-11-06,Última revisión 2024-05-24
Клавиатуры,FLEXI_SK_LED,Клавиатура FLEXi SK LED,ru,,2025-11-06,RU source not located in SK-LED TouchPad directory
Keypads,SH_KP,Wireless keypad SH KP,en,,2025-11-06,Pending source path
Klaviatūros,SH_KP,Belaidė klaviatūra SH KP,lt,,2025-11-06,Pending source path
Teclados,SH_KP,Teclado inalámbrico SH KP,es,,2025-11-06,Pending source path
Клавиатуры,SH_KP,Беспроводная клавиатура SH KP,ru,,2025-11-06,Pending source path
Future,TODO_SENSORS,Wireless sensors,,,2025-10-30,Large catalog; identify manuals
Future,TODO_RECEIVERS,Receivers,,,2025-10-30,Inventory needed
Future,TODO_MONITORING,Monitoring software,,,2025-10-30,Check IPcom Linux/Windows manuals
Future,TODO_ACCESSORIES,Accessories,,,2025-10-30,Assess demand before adding
